<?xml version="1.0" encoding="UTF-8"?>
<configs>
    <config>
        <api>
            <class>other.aakepi.bdfjfaackcpic.api.meeting.SearchMeetings</class>
            <url>/search-meeting</url>
        </api>
        <api>
            <class>other.aakepi.bdfjfaackcpic.api.meeting.SaveMeetings</class>
            <url>/save-meeting</url>
        </api>
        <api>
            <class>other.aakepi.bdfjfaackcpic.api.media.ContractSearch</class>
            <url>/search-contract</url>
        </api>
        <api>
            <class>other.aakepi.bdfjfaackcpic.api.media.MediaSpotSearch</class>
            <url>/search-mediaspot</url>
        </api>
        <api>
            <class>other.aakepi.bdfjfaackcpic.api.media.SaleContractSpotSearch</class>
            <url>/search-salecontractspot</url>
        </api>
        <api>
            <class>other.aakepi.bdfjfaackcpic.api.media.SaleContractSpotSave</class>
            <url>/save-salecontractspot</url>
        </api>
        <api>
            <class>other.aakepi.bdfjfaackcpic.api.media.MediaSpotMobileSearch</class>
            <url>/search-mediaspot-mobile</url>
        </api>
        <api>
            <class>other.aakepi.bdfjfaackcpic.api.media.MediaAdventSearch</class>
            <url>/search-adventmedia</url>
        </api>
        <api>
            <class>other.aakepi.bdfjfaackcpic.api.media.DeptSearch</class>
            <url>/search-deptlist</url>
        </api>
        <api>
            <class>other.aakepi.bdfjfaackcpic.api.media.CustSearch</class>
            <url>/search-custlist</url>
        </api>
        <api>
            <class>other.aakepi.bdfjfaackcpic.api.media.PurContractSpotSearch</class>
            <url>/search-purcontractspot</url>
        </api>
        <api>
            <class>other.aakepi.bdfjfaackcpic.api.media.PurContractSpotSave</class>
            <url>/save-purcontractspot</url>
        </api>
        <api>
            <class>other.aakepi.bdfjfaackcpic.api.map.MediaLocationSearch</class>
            <url>/media-map</url>
        </api>
    </config>
</configs>

